sep=;;;;;;;;;;;;;;;;;;;;;;;;;;;;;;;;;;;;;;;;;;;;;;;
post_name;post_title;post_status;post_content;post_excerpt;post_author;post_parent;post_date;comment_status;ping_status;post_image;ait-items;ait-locations;subtitle;featuredItem;headerImage;headerHeight;address;latitude;longitude;streetview;telephone;telephoneAdditional@number;email;showEmail;contactOwnerBtn;web;webLinkLabel;displayOpeningHours;openingHoursMonday;openingHoursTuesday;openingHoursWednesday;openingHoursThursday;openingHoursFriday;openingHoursSaturday;openingHoursSunday;openingHoursNote;displaySocialIcons;socialIconsOpenInNewWindow;socialIcons@icon;socialIcons@link;displayGallery;gallery@title;gallery@image;displayFeatures;features@icon;features@text;features@desc
orbits-in-contemporary-art;Orbits In Contemporary Art;publish;A short description of the initiative by its initiators will appear here shortly.;;852;;;;;ARA_Default_Banner_Thumb_Image-1;;london;;0;;;Space Station Sixty-Five - Building One, 373 Kennington Road, London SE11 4PS;51.486339;-0.110578;;;;info@spacestationsixtyfive.com;1;1;http://www.spacestationsixtyfive.com/;;1;Coming Soon;;;;;;;;;;;;1;;;;;;
black-flash;Black Flash;publish;A short description of the initiative by its initiators will appear here shortly.;;853;;;;;ARA_Default_Banner_Thumb_Image-1;;saskatoon;;0;;;P.O. Box 7381 Station Main, Saskatoon, Canada, S7K 4J3;52.114237;-106.656282;;;;bf.info@blackflash.ca;1;1;http://blackflash.ca/;;1;Coming Soon;;;;;;;;;;;;1;;;;;;
canter-of-contemporary-arts;Canter Of Contemporary Arts;publish;A short description of the initiative by its initiators will appear here shortly.;;854;;;;;ARA_Default_Banner_Thumb_Image-1;;lagos;;0;;;9 McEwen Street, Yaba, Lagos;6.503308;3.378797;;;;ccalagos@gmail.com;1;1;http://www.ccalagos.org/;;1;Coming Soon;;;;;;;;;;;;1;;;;;;
arts-initiative-tokyo;Arts Initiative Tokyo;publish;A short description of the initiative by its initiators will appear here shortly.;;855;;;;;ARA_Default_Banner_Thumb_Image-1;;tokyo;;0;;;Twin Bldg. Daikanyama B-403, 30-8 Sarugaku-cho, Shibuya-ku, Tokyo;35.651292;139.701279;;;;otoiawase@a-i-t.net;1;1;http://www.a-i-t.net/en/;;1;Coming Soon;;;;;;;;;;;;1;;;;;;
art-link-art;Art Link Art;publish;A short description of the initiative by its initiators will appear here shortly.;;856;;;;;ARA_Default_Banner_Thumb_Image-1;;shanghai;;0;;;Yan Lu, 3A Bldg. 2, 727 Dingxi Rd. Shanghai, China 200052;31.207257;121.423549;;;;info@artlinkart.com;1;1;http://www.artlinkart.com/en/;;1;Coming Soon;;;;;;;;;;;;1;;;;;;
dia-studio;Dia Studio;publish;A short description of the initiative by its initiators will appear here shortly.;;857;;;;;ARA_Default_Banner_Thumb_Image-1;;ho-chi-man-city;;0;;;116 Đường số 3, Khu Trung Sơn, Bình Chánh District ;10.73519;106.691473;;;;rstreit@gmail.com;1;1;http://www.diacritic.org/;;1;Coming Soon;;;;;;;;;;;;1;;;;;;
action-art-actuel;Action Art Actuel;publish;A short description of the initiative by its initiators will appear here shortly.;;858;;;;;ARA_Default_Banner_Thumb_Image-1;;saint-jean-sur-richelieu;;0;;;191, rue Richelieu – Saint-Jean-sur-Richelieu, Québec J3B 6X7;45.305902;-73.250766;;;;action@action-art-actuel.org;1;1;http://www.action-art-actuel.org/_fr/;;1;Coming Soon;;;;;;;;;;;;1;;;;;;
diagonale;Diagonale;publish;A short description of the initiative by its initiators will appear here shortly.;;859;;;;;ARA_Default_Banner_Thumb_Image-1;;montreal;;0;;;5455 av. de Gaspé, rdc/espace 110, h2t 3b3 Montreal;45.527529;-73.596335;;;;administration@artdiagonale.org;1;1;http://www.artdiagonale.org/;;1;Coming Soon;;;;;;;;;;;;1;;;;;;
atelier-curculaire;Atelier Curculaire;publish;A short description of the initiative by its initiators will appear here shortly.;;860;;;;;ARA_Default_Banner_Thumb_Image-1;;montreal;;0;;;5445, av. de Gaspé, Locaux/Suites #105 & 517, Montreal ;45.527051;-73.595319;;;;communications@atelier-circulaire.qc.ca;1;1;http://www.ateliercirculaire.org/;;1;Coming Soon;;;;;;;;;;;;1;;;;;;
definitely-superior;Definitely Superior;publish;A short description of the initiative by its initiators will appear here shortly.;;861;;;;;ARA_Default_Banner_Thumb_Image-1;;thunder-bay;;0;;;250 Park Ave, Suite 101, P.O.Box 21015, RPO Grandview Mall, Thunder Bay;48.434903;-89.222363;;;;defsup@tbaytel.net;1;1;http://www.definitelysuperior.com/;;1;Coming Soon;;;;;;;;;;;;1;;;;;;
aka-artist-run-center;Aka Artist Run Center;publish;A short description of the initiative by its initiators will appear here shortly.;;862;;;;;ARA_Default_Banner_Thumb_Image-1;;saskatoon;;0;;;424 20th Street West, Saskatoon, Treaty 6 Territory and the Homeland of the Metis, Saskatchewan;52.126351;-106.675953;;;;info@akaartistrun.com;1;1;http://akaartistrun.com/;;1;Coming Soon;;;;;;;;;;;;1;;;;;;
dare-dare;Dare Dare;publish;A short description of the initiative by its initiators will appear here shortly.;;863;;;;;ARA_Default_Banner_Thumb_Image-1;;montreal;;0;;;Casier postal 72126, Succursale Atwater, Montreal;45.392913;-73.515969;;;;info@dare-dare.org;1;1;http://www.dare-dare.org/fr;;1;Coming Soon;;;;;;;;;;;;1;;;;;;
galerie-du-nouvel-ontario;Galerie Du Nouvel Ontario;publish;A short description of the initiative by its initiators will appear here shortly.;;864;;;;;ARA_Default_Banner_Thumb_Image-1;;sudbury;;0;;;74 Elgin St., P.O. Box 242 station B, Sudbury, ON P3E 4N5;46.491924;-80.996519;;;;info@gn-o.org;1;1;http://gn-o.org/;;1;Coming Soon;;;;;;;;;;;;1;;;;;;
center-sagamie;Center Sagamie;publish;A short description of the initiative by its initiators will appear here shortly.;;865;;;;;ARA_Default_Banner_Thumb_Image-1;;alma;;0;;;50, rue St-Joseph, C.P. 517, Alma, Quebec, G8B 5W1  ;48.550963;-71.651282;;;;sagamie@cgocable.ca;1;1;http://centresagamie.blogspot.co.il/;;1;Coming Soon;;;;;;;;;;;;1;;;;;;
divoinstitute;Divoinstitute;publish;A short description of the initiative by its initiators will appear here shortly.;;867;;;;;ARA_Default_Banner_Thumb_Image-1;;kolin;;0;;;D.I.V.O institute in Kolín nad Labem;50.030603;50.030603;;;;;1;1;http://www.divoinstitute.org/;;1;Coming Soon;;;;;;;;;;;;1;;;;;;
udstillingsstedet-spanien19c;Udstillingsstedet Spanien19C;publish;A short description of the initiative by its initiators will appear here shortly.;;868;;;;;ARA_Default_Banner_Thumb_Image-1;;aarhus;;0;;;Kalkværksvej 5A, DK 8000;56.149142;10.211123;;;;spanien19c@gmail.com;1;1;http://www.spanien19c.dk/side01/side01.html;;1;Coming Soon;;;;;;;;;;;;1;;;;;;
galleria-sculptor;Galleria Sculptor;publish;A short description of the initiative by its initiators will appear here shortly.;;869;;;;;ARA_Default_Banner_Thumb_Image-1;;helsinki;;0;;;South Beach 12, FI-00130 Helsinki ;26.381149;-80.176376;;;;galleria.sculptor@sculptors.fi;1;1;http://www.sculptors.fi/;;1;Coming Soon;;;;;;;;;;;;1;;;;;;
filmverkstaden;Filmverkstaden;publish;A short description of the initiative by its initiators will appear here shortly.;;870;;;;;ARA_Default_Banner_Thumb_Image-1;;vassa;;0;;;Perjusvägen 10, 66140 ÖverMalax;62.922323;21.62339;;;;mail@filmverkstaden.fi;1;1;http://www.filmverkstaden.fi/;;1;Coming Soon;;;;;;;;;;;;1;;;;;;
tmgalleria;Tmgalleria;publish;A short description of the initiative by its initiators will appear here shortly.;;871;;;;;ARA_Default_Banner_Thumb_Image-1;;helsinki;;0;;;Erottajankatu 9 B (courtyard), FI-00130 Helsinki ;60.165196;24.944087;;;;tmgalleria@painters.fi;1;1;http://www.painters.fi/tmgalleria/;;1;Coming Soon;;;;;;;;;;;;1;;;;;;
galerie-jal;Galerie Jal;publish;A short description of the initiative by its initiators will appear here shortly.;;872;;;;;ARA_Default_Banner_Thumb_Image-1;;le-rochelle;;0;;;1, rue Jean Monnet, 17880 Les Portes en Re;46.246658;-1.500496;;;;art@galerie-jal.com;1;1;http://galerie-jal.com/;;1;Coming Soon;;;;;;;;;;;;1;;;;;;
after-the-butcher;After The Butcher;publish;A short description of the initiative by its initiators will appear here shortly.;;873;;;;;ARA_Default_Banner_Thumb_Image-1;;berlin;;0;;;Spittastr.25 – 10317 Berlin;52.50406;13.47896;;;;mailto@after-the-butcher.de;1;1;http://www.after-the-butcher.de/atblg/;;1;Coming Soon;;;;;;;;;;;;1;;;;;;
hermes-und-der-pfau;Hermes Und Der Pfau;publish;A short description of the initiative by its initiators will appear here shortly.;;874;;;;;ARA_Default_Banner_Thumb_Image-1;;stuttgart;;0;;;Dorten Haus, Christophstr. 5a D – 70178 Stuttgart;48.772241;9.17525;;;;ap@hermesundderpfau.de;1;1;http://www.hermesundderpfau.de/;;1;Coming Soon;;;;;;;;;;;;1;;;;;;
un-wetter;Un Wetter;publish;A short description of the initiative by its initiators will appear here shortly.;;875;;;;;ARA_Default_Banner_Thumb_Image-1;;berlin;;0;;;Wattstr. 8_13355 Berlin-Mitte;52.540616;13.390711;;;;mail@un-wetter.net;1;1;http://www.un-wetter.net/;;1;Coming Soon;;;;;;;;;;;;1;;;;;;
peng;Peng;publish;A short description of the initiative by its initiators will appear here shortly.;;876;;;;;ARA_Default_Banner_Thumb_Image-1;;mannein;;0;;;Pflügersgrundstrasse 22, 68169 Mannheim;49.499896;8.469615;;;;post@pengmannheim.de;1;1;http://www.pengmannheim.de/content/index_ger.html;;1;Coming Soon;;;;;;;;;;;;1;;;;;;
new-media-society-va-space;New Media Society Va Space;publish;A short description of the initiative by its initiators will appear here shortly.;;877;;;;;ARA_Default_Banner_Thumb_Image-1;;tehran;;0;;;No 3, Arabi 3 St., Kheradmand Shomali St., Karimkhan St., Tehran;35.768659;51.448876;;;;spacevaspace@gmail.com;1;1;http://www.newmediasoc.com/;;1;Coming Soon;;;;;;;;;;;;1;;;;;;
al-mamal-foundation;Al Mamal Foundation;publish;A short description of the initiative by its initiators will appear here shortly.;;878;;;;;ARA_Default_Banner_Thumb_Image-1;;jerusalem;;0;;;8 Al Jawalida st. New Gate, Old City, Jerusalem;31.776353;35.228413;;;;info@almamalfoundation.org;1;1;http://www.almamalfoundation.org/;;1;Coming Soon;;;;;;;;;;;;1;;;;;;
four-to-seven;Four To Seven;publish;A short description of the initiative by its initiators will appear here shortly.;;879;;;;;ARA_Default_Banner_Thumb_Image-1;;rīga;;0;;;Stabu iela 70, LV-1009, Rīga;56.952237;24.136561;;;;kaspars.groshevs@gmail.com;1;1;http://fourtoseven.info/;;1;Coming Soon;;;;;;;;;;;;1;;;;;;
intimnoe-mesto;Intimnoe Mesto;publish;A short description of the initiative by its initiators will appear here shortly.;;880;;;;;ARA_Default_Banner_Thumb_Image-1;;st-petersburg;;0;;;Shpalernaya str 3/26, 190000 St. Petersburg;59.948046;30.343249;;;;visualright@gmail.com;1;1;https://www.facebook.com/intimnoemesto/;;1;Coming Soon;;;;;;;;;;;;1;;;;;;
black-cube-collective;Black Cube Collective;publish;A short description of the initiative by its initiators will appear here shortly.;;881;;;;;ARA_Default_Banner_Thumb_Image-1;;edinbrugh;;0;;;20/22 Torphichen Street, Edinburugh;55.947004;-3.213465;;;;blackcubecollective@gmail.com;1;1;http://blackcubecollective.org/index.html;;1;Coming Soon;;;;;;;;;;;;1;;;;;;
white-space-76;White Space 76;publish;A short description of the initiative by its initiators will appear here shortly.;;882;;;;;ARA_Default_Banner_Thumb_Image-1;;glasgow;;0;;;76 East Crosscauseway, Edinburgh ;55.94398;-3.181915;;;;info@whitespace11.com;1;1;http://whitespace76.com/;;1;Coming Soon;;;;;;;;;;;;1;;;;;;
gallery-soap;Gallery Soap;publish;A short description of the initiative by its initiators will appear here shortly.;;883;;;;;ARA_Default_Banner_Thumb_Image-1;;kytakyushu;;0;;;1-8-23 2F Kajimachi, kokurakita-ku, kitakyushu 802-0004, Japan;33.883429;130.883688;;;;info@g-soap.jp;1;1;http://g-soap.jp/index_e.html;;1;Coming Soon;;;;;;;;;;;;1;;;;;;
open-space-bae;Open Space Bae;publish;A short description of the initiative by its initiators will appear here shortly.;;884;;;;;ARA_Default_Banner_Thumb_Image-1;;seoul;;0;;;154, Dalmaji-gil 65beon-gil, Haeundae-gu, Busan, Korea;35.159007;129.175872;;;;spacebae@gmail.com;1;1;http://www.spacebae.com/w3c/board.php?board=bae&command=skin_insert&exe=insert_iboard_home;;1;Coming Soon;;;;;;;;;;;;1;;;;;;
para-site;Para Site;publish;A short description of the initiative by its initiators will appear here shortly.;;885;;;;;ARA_Default_Banner_Thumb_Image-1;;hong;;0;;;22/F, Wing Wah Industrial Building, 677 King’s Road, Quarry Bay, Hong Kong;22.291425;114.208934;;;;e.info@para-site.org.hk;1;1;http://para-site.org.hk/;;1;Coming Soon;;;;;;;;;;;;1;;;;;;
video-art-center;Video Art Center;publish;A short description of the initiative by its initiators will appear here shortly.;;886;;;;;ARA_Default_Banner_Thumb_Image-1;;tokyo;;0;;;TEL +81-80-9567-1222(dir.Taki);;;;;;info@vctokyo.org;1;1;http://vctokyo.org/en/;;1;Coming Soon;;;;;;;;;;;;1;;;;;;
zuni;Zuni;publish;A short description of the initiative by its initiators will appear here shortly.;;887;;;;;ARA_Default_Banner_Thumb_Image-1;;hong;;0;;;Room 203-4, 2 / F, Cheong Tai Commercial Building, 60-66 Wing Lok Street, Sheung Wan, Hong Kong ;22.286338;114.151576;;;;info@zuni.org.hk;1;1;http://www.zuni.org.hk/new/zuni/web/index.php;;1;Coming Soon;;;;;;;;;;;;1;;;;;;
alpha-nove;Alpha Nove;publish;A short description of the initiative by its initiators will appear here shortly.;;888;;;;;ARA_Default_Banner_Thumb_Image-1;;berlin;;0;;;Weibliche Visionen in Kultur Politik und Kunst e.V., Am Flutgraben 3, 12435 Berlin;52.497098;13.451698;;;;mail@alpha-nova-kulturwerkstatt.de;1;1;http://www.alpha-nova-kulturwerkstatt.de/;;1;Coming Soon;;;;;;;;;;;;1;;;;;;
galerie-brd;Galerie Brd;publish;A short description of the initiative by its initiators will appear here shortly.;;889;;;;;ARA_Default_Banner_Thumb_Image-1;;hamburg;;0;;;c/o Dominic Osterried, Geibelstraße 48, 22303 Hamburg;53.584683;10.01592;;;;post@galerie-brd.de;1;1;http://www.galerie-brd.de/;;1;Coming Soon;;;;;;;;;;;;1;;;;;;
instiu-berlin;Instiu Berlin;publish;A short description of the initiative by its initiators will appear here shortly.;;890;;;;;ARA_Default_Banner_Thumb_Image-1;;berlin;;0;;;Kurfürstenstraße 21–22, 10785 Berlin;52.49979;13.36507;;;;info@insitu-berlin.com;1;1;http://insitu-berlin.com/;;1;Coming Soon;;;;;;;;;;;;1;;;;;;
sonntag;Sonntag;publish;A short description of the initiative by its initiators will appear here shortly.;;891;;;;;ARA_Default_Banner_Thumb_Image-1;;berlin;;0;;;Nomadic Project;;;;;;sonntagberlin@gmail.com;1;1;http://sonntagberlin.tumblr.com/;;1;Coming Soon;;;;;;;;;;;;1;;;;;;
association-soleil-doafrique;Association Soleil DOafrique;publish;A short description of the initiative by its initiators will appear here shortly.;;892;;;;;ARA_Default_Banner_Thumb_Image-1;;bamako;;0;;;BP 6076 Aci 2000 Lafiabugou Bamoko Mali;12.631752;-8.02727;;;;soleil@afribone.net.ml;1;1;;;1;Coming Soon;;;;;;;;;;;;1;;;;;;
bchira-art-center;Bchira Art Center;publish;A short description of the initiative by its initiators will appear here shortly.;;893;;;;;ARA_Default_Banner_Thumb_Image-1;;sidi-thabet;;0;;;Rte de Bizerte Sabelet Ben Ammar, Sidi Thabet 2032;51.486339;-0.110578;;;;contact@bchirartcenter.com;1;1;;;1;Coming Soon;;;;;;;;;;;;1;;;;;;
ruangrupa;Ruangrupa;publish;A short description of the initiative by its initiators will appear here shortly.;;894;;;;;ARA_Default_Banner_Thumb_Image-1;;jakarta;;0;;;Jl.Pancoran Timur II No. 4, Jakarta Selatan, 12780 – Indonesia;-6.24751;106.846841;;;;info@ruangrupa.org;1;1;;;1;Coming Soon;;;;;;;;;;;;1;;;;;;
al-maomal-foundation;Al-MaOmal Foundation;publish;A short description of the initiative by its initiators will appear here shortly.;;895;;;;;ARA_Default_Banner_Thumb_Image-1;;jerusalem;;0;;;8 Al Jawalida st. New gate, Old city, PO Box 14644 Jerusalem 91145;31.768319;35.21371;;;;info@almamalfoundation.org;1;1;;;1;Coming Soon;;;;;;;;;;;;1;;;;;;
vietnam-university-of-fine-arts;Vietnam University Of Fine Arts;publish;A short description of the initiative by its initiators will appear here shortly.;;896;;;;;ARA_Default_Banner_Thumb_Image-1;;hanoi;;0;;;42 Yết Kiêu, Cửa Nam, Hoàn Kiếm, Hà Nội;21.02177;105.842907;;;;phonghanhchinhmythuat@gmail.com;1;1;;;1;Coming Soon;;;;;;;;;;;;1;;;;;;
digital-art-lab;Digital Art Lab;publish;A short description of the initiative by its initiators will appear here shortly.;;897;;;;;ARA_Default_Banner_Thumb_Image-1;;holon;;0;;;4 Ha'Amoraim Street, P.O Box 317, Holon 5810202;32.005356;34.763091;;;;info@digitalartlab.org.il;1;1;;;1;Coming Soon;;;;;;;;;;;;1;;;;;;
loop;Loop;publish;A short description of the initiative by its initiators will appear here shortly.;;898;;;;;ARA_Default_Banner_Thumb_Image-1;;seoul;;0;;;33-3 B1, Sangsoo-dong, Mapo-gu, Seoul, Korea;37.550341;126.926336;;;;loop@galleryloop.com;1;1;;;1;Coming Soon;;;;;;;;;;;;1;;;;;;
bottle-rocket-gallery;Bottle Rocket Gallery;publish;A short description of the initiative by its initiators will appear here shortly.;;899;;;;;ARA_Default_Banner_Thumb_Image-1;;fayetteville-ar;;0;;;1495 S. FINGER RD. Fayetteville, AR 72701;36.04893;-94.20393;;;;;1;1;;;1;Coming Soon;;;;;;;;;;;;1;;;;;;
eyedrum;Eyedrum;publish;A short description of the initiative by its initiators will appear here shortly.;;900;;;;;ARA_Default_Banner_Thumb_Image-1;;atlanta-ga;;0;;;115 MARTIN LUTHER KING JR. DR. SW SUITE 225 ATLANTA, GA 30303;33.752069;-84.392145;;;;info@eyedrum.org;1;1;http://eyedrum.org;;1;Coming Soon;;;;;;;;;;;;1;;;;;;
adds-donna;Adds Donna;publish;A short description of the initiative by its initiators will appear here shortly.;;901;;;;;ARA_Default_Banner_Thumb_Image-1;;chicago-il;;0;;;4223 W. LAKE ST. #422 CHICAGO, IL;41.885453;-87.732051;;;;contact@addsdonna.com;1;1;http://addsdonna.com;;1;Coming Soon;;;;;;;;;;;;1;;;;;;
calles-y-suenos;Calles Y Suenos;publish;A short description of the initiative by its initiators will appear here shortly.;;902;;;;;ARA_Default_Banner_Thumb_Image-1;;chicago-il;;0;;;1900 S. CARPENTER ST. CHICAGO, IL 60612;41.856504;-87.65337;;;;cys_94@hotmail.com;1;1;;;1;Coming Soon;;;;;;;;;;;;1;;;;;;
press-streetos-antenna-gallery;Press StreetOs Antenna Gallery;publish;A short description of the initiative by its initiators will appear here shortly.;;903;;;;;ARA_Default_Banner_Thumb_Image-1;;new-orleans-la;;0;;;3718 SAINT CLAUDE AVE. NEW ORLEANS, LA 70117;29.965902;-90.037626;;;;bob@press-street.com;1;1;http://press-street.com;;1;Coming Soon;;;;;;;;;;;;1;;;;;;
bb;Bb;publish;A short description of the initiative by its initiators will appear here shortly.;;904;;;;;ARA_Default_Banner_Thumb_Image-1;;baltimore-md;;0;;;427A EUTAW ST. BALTIMORE, MD 21201;39.294618;-76.62103;;;;welcome.hello.bb@gmail.com;1;1;http://bb427.tk;;1;Coming Soon;;;;;;;;;;;;1;;;;;;
lease-agreement;Lease Agreement;publish;A short description of the initiative by its initiators will appear here shortly.;;905;;;;;ARA_Default_Banner_Thumb_Image-1;;baltimore-md;;0;;;3718 ELLERSLIE AVE. BALTIMORE, MD 21218;39.334812;-76.605156;;;;leaseagreementbaltimore@gmail.com;1;1;http://leaseagreementbaltimore.blogspot.com;;1;Coming Soon;;;;;;;;;;;;1;;;;;;
lilo-gallery;LilO Gallery;publish;A short description of the initiative by its initiators will appear here shortly.;;906;;;;;ARA_Default_Banner_Thumb_Image-1;;baltimore-md;;0;;;1511 GUILFORD AVE. #C403, BALTIMORE, MD 21202;39.307239;-76.611876;;;;lilgallerylilgallery@gmail.com;1;1;http://lil-gallery.com;;1;Coming Soon;;;;;;;;;;;;1;;;;;;
cave-conservative-art-venue-etc;Cave Conservative Art Venue Etc.;publish;A short description of the initiative by its initiators will appear here shortly.;;907;;;;;ARA_Default_Banner_Thumb_Image-1;;detroit-mi;;0;;;1604 CLAY ST. 3RD FLOOR, DETROIT, MI 48211;42.378805;-83.059838;;;;nfo@cavedetroit.com;1;1;http://cavedetroit.com;;1;Coming Soon;;;;;;;;;;;;1;;;;;;
galapagos-art-space;Galapagos Art Space;publish;A short description of the initiative by its initiators will appear here shortly.;;908;;;;;ARA_Default_Banner_Thumb_Image-1;;detroit-mi;;0;;;123 HIGHLAND ST. DETROIT, MI 48203;42.396343;-83.096328;;;;robert@galapagosdetroit.com;1;1;http://galapagosartspace.com galapagosdetroit.com;;1;Coming Soon;;;;;;;;;;;;1;;;;;;
butter-projects;Butter Projects;publish;A short description of the initiative by its initiators will appear here shortly.;;909;;;;;ARA_Default_Banner_Thumb_Image-1;;royal-oak-mi;;0;;;814 WEST 11 MILE, ROYAL OAK, MI 48067;42.489737;-83.152954;;;;butter.projects@gmail.com;1;1;http://butterprojects.info;;1;Coming Soon;;;;;;;;;;;;1;;;;;;
subterranean-gallery;Subterranean Gallery;publish;A short description of the initiative by its initiators will appear here shortly.;;910;;;;;ARA_Default_Banner_Thumb_Image-1;;kansas-city-mo;;0;;;4124 WARWICK BLVD. APT. B, KANSAS CITY, MO 64111;39.050704;-94.584447;;;;subterraneangallery@gmail.com;1;1;http://subterraneangallery.com;;1;Coming Soon;;;;;;;;;;;;1;;;;;;
talk-shop;Talk Shop;publish;A short description of the initiative by its initiators will appear here shortly.;;911;;;;;ARA_Default_Banner_Thumb_Image-1;;kansas-city-mo;;0;;;3936 MAIN, KANSAS CITY, MO 64111;39.055434;-94.586186;;;;seanstarowitz@gmail.com;1;1;http://thetalkshopkc.tumblr.com;;1;Coming Soon;;;;;;;;;;;;1;;;;;;
reese-gallery;Reese Gallery;publish;A short description of the initiative by its initiators will appear here shortly.;;912;;;;;ARA_Default_Banner_Thumb_Image-1;;st-louis-mo;;0;;;3410 WISCONSON AVE. ST. LOUIS, MO 63118;38.592322;-90.220999;;;;ruthannreese@gmail.com;1;1;http://thereesegallery.com;;1;Coming Soon;;;;;;;;;;;;1;;;;;;
frontier-space-missoula;Frontier Space Missoula;publish;A short description of the initiative by its initiators will appear here shortly.;;913;;;;;ARA_Default_Banner_Thumb_Image-1;;missoula-mt;;0;;;IN THE ALLEY BETWEEN W. SPRUCE AND W. PINE STREETS, ONE;46.875341;-114.000775;;;;frontierspacemissoula@gmail.com;1;1;http://frontierspacemissoula.weebly.com;;1;Coming Soon;;;;;;;;;;;;1;;;;;;
the-gateway-project;The Gateway Project;publish;A short description of the initiative by its initiators will appear here shortly.;;914;;;;;ARA_Default_Banner_Thumb_Image-1;;newark-nj;;0;;;TWO GATEWAY CENTER, SUITE 201 289— 299 MARKET ST. NEWARK, NJ 07102;40.734948;-74.166784;;;;info@gatewayprojectspaces.com;1;1;http://gatewayprojectspaces.com;;1;Coming Soon;;;;;;;;;;;;1;;;;;;
as220;As220;publish;A short description of the initiative by its initiators will appear here shortly.;;915;;;;;ARA_Default_Banner_Thumb_Image-1;;providence-ri;;0;;;EMPIRE STREET COMPLEX: 95-115 EMPIRE ST.; THE DREYFUS:;36.092634;-86.726979;;;;info@as220.org;1;1;http://as220.org;;1;Coming Soon;;;;;;;;;;;;1;;;;;;
seed-space;Seed Space;publish;A short description of the initiative by its initiators will appear here shortly.;;916;;;;;ARA_Default_Banner_Thumb_Image-1;;nashville-tn;;0;;;1209 4TH AVE. S. NASHVILLE, TN 37203;36.144305;-86.76722;;;;curator@seedspace.org;1;1;http://seedspace.org;;1;Coming Soon;;;;;;;;;;;;1;;;;;;
present-works;Present Works;publish;A short description of the initiative by its initiators will appear here shortly.;;917;;;;;ARA_Default_Banner_Thumb_Image-1;;milwakee-wi;;0;;;117 W. WALKER ST. #303, MILWAUKEE, WI 53204;43.021882;-87.9119;;;;presentworksgallery@gmail.com;1;1;http://presentworks.com;;1;Coming Soon;;;;;;;;;;;;1;;;;;;
stupid-pills;Stupid Pills;publish;A short description of the initiative by its initiators will appear here shortly.;;918;;;;;ARA_Default_Banner_Thumb_Image-1;;los-angeles-ca;;0;;;C/O HYPERION TAVERN 1941 HYPERION AVE.LOS ANGELES, CA 90027;34.098149;-118.274957;;;;sp@stupidpills.org;1;1;http://stupidpills.org;;1;Coming Soon;;;;;;;;;;;;1;;;;;;
real-time-and-space-rts;Real Time And Space Rts;publish;A short description of the initiative by its initiators will appear here shortly.;;919;;;;;ARA_Default_Banner_Thumb_Image-1;;oakland-ca;;0;;;125 10TH ST. OAKLAND, CA 94607;37.79831;-122.265434;;;;realtimeandspace@gmail.com;1;1;http://realtimeandspace.org;;1;Coming Soon;;;;;;;;;;;;1;;;;;;
spare;Spare;publish;A short description of the initiative by its initiators will appear here shortly.;;920;;;;;ARA_Default_Banner_Thumb_Image-1;;chicago-il;;0;;;1910 S WOOD ST. CHICAGO, IL 60608;41.855509;-87.671229;;;;info@spareresidency.com;1;1;http://spareresidency.com;;1;Coming Soon;;;;;;;;;;;;1;;;;;;
parse;Parse;publish;A short description of the initiative by its initiators will appear here shortly.;;921;;;;;ARA_Default_Banner_Thumb_Image-1;;new-orleans-la;;0;;;134 CARONDELET ST. NEW ORLEANS, LA 70130;29.939768;-90.076772;;;;ParseGallery@gmail.com;1;1;http://parsenola.com;;1;Coming Soon;;;;;;;;;;;;1;;;;;;
front;Front;publish;A short description of the initiative by its initiators will appear here shortly.;;922;;;;;ARA_Default_Banner_Thumb_Image-1;;portland-or;;0;;;4518 NE 32ND AVE. PORTLAND, OR 97211;45.555727;-122.632479;;;;info@frontstudio.com;1;1;http://frontstudio.com;;1;Coming Soon;;;;;;;;;;;;1;;;;;;
weird-shift;Weird Shift;publish;A short description of the initiative by its initiators will appear here shortly.;;923;;;;;ARA_Default_Banner_Thumb_Image-1;;portland-or;;0;;;201 N. ALBERTA ST. PORTLAND, OR 97217;45.559218;-122.668497;;;;storefront@weirdshift.com;1;1;http://weirdshift.com;;1;Coming Soon;;;;;;;;;;;;1;;;;;;
roswell-artist-in-residence-foundation;Roswell Artist-In-Residence Foundation;publish;A short description of the initiative by its initiators will appear here shortly.;;924;;;;;ARA_Default_Banner_Thumb_Image-1;;roswell-nm;;0;;;409 E. COLLEGE BLVD. ROSWELL, NM 88201;33.409052;-104.516972;;;;stephen@rair.org;1;1;http://rair.org;;1;Coming Soon;;;;;;;;;;;;1;;;;;;
mildredos-lane;MildredOs Lane;publish;A short description of the initiative by its initiators will appear here shortly.;;925;;;;;ARA_Default_Banner_Thumb_Image-1;;beach-lake-pa;;0;;;517 PLANK RD. BEACH LAKE, PA 18405;41.624606;-75.061844;;;;mildredslane@gmail.com;1;1;http://mildredslane.com;;1;Coming Soon;;;;;;;;;;;;1;;;;;;
neighborhood-time-exchange;Neighborhood Time Exchange;publish;A short description of the initiative by its initiators will appear here shortly.;;926;;;;;ARA_Default_Banner_Thumb_Image-1;;philadelphia-pa;;0;;;4017 LANCASTER AVE. PHILADELPHIA, PA 19104;39.963663;-75.202747;;;;info@neighborhoodtime.exchange;1;1;http://neighborhoodtime.exchange;;1;Coming Soon;;;;;;;;;;;;1;;;;;;
big-fag-press;Big Fag Press;publish;A short description of the initiative by its initiators will appear here shortly.;;927;;;;;ARA_Default_Banner_Thumb_Image-1;;sydney;;0;;;Archway 4, Jubilee Park Oval, Chapman Road, Annandale NSW 2038;-33.873869;151.175602;;;;info@bigfagpress.org;1;1;http://bigfagpress.org/;;1;Coming Soon;;;;;;;;;;;;1;;;;;;
box-copy;Box Copy;publish;A short description of the initiative by its initiators will appear here shortly.;;928;;;;;ARA_Default_Banner_Thumb_Image-1;;brisbane;;0;;;282 Petrie Terrace Brisbane, Qld, 4000 | GPO Box 3197 Brisbane;-27.459925;153.0143;;;;info@boxcopy.org;1;1;https://boxcopy.org/;;1;Coming Soon;;;;;;;;;;;;1;;;;;;
dvaa-artit-run-space;Dvaa Artit Run Space;publish;A short description of the initiative by its initiators will appear here shortly.;;929;;;;;ARA_Default_Banner_Thumb_Image-1;;darwin;;0;;;56 Woods Street Darwin NT 0801 GPO Box 1618 Darwin NT 0801 ;-12.459018;130.842551;;;;info@dvaa.net.au;1;1;http://www.dvaa.net.au/;;1;Coming Soon;;;;;;;;;;;;1;;;;;;
index;Index;publish;A short description of the initiative by its initiators will appear here shortly.;;930;;;;;ARA_Default_Banner_Thumb_Image-1;;sydney;;0;;;60 Hutchin­son Street, St. Peters NSW 2204;-33.910229;151.178002;;;;info@indexspace.com.au;1;1;http://indexspace.com.au/x/;;1;Coming Soon;;;;;;;;;;;;1;;;;;;
project-gallery;Project Gallery;publish;A short description of the initiative by its initiators will appear here shortly.;;931;;;;;ARA_Default_Banner_Thumb_Image-1;;wollongong;;0;;;255 KEIRA ST W’GONG, PO BOX 5349, , WOLLONGONG 2520;-34.426945;150.893289;;;;info@projectgallery.com.au;1;1;http://www.projectgallery.com.au/;;1;Coming Soon;;;;;;;;;;;;1;;;;;;
runway;Runway;publish;A short description of the initiative by its initiators will appear here shortly.;;932;;;;;ARA_Default_Banner_Thumb_Image-1;;sydney;;0;;;Runway Australian Experimental Art, PO Box 447, Strawberry Hills;-33.888267;151.207846;;;;mail@runway.org.au;1;1;http://runway.org.au/;;1;Coming Soon;;;;;;;;;;;;1;;;;;;
mahony;Mahony;publish;A short description of the initiative by its initiators will appear here shortly.;;933;;;;;ARA_Default_Banner_Thumb_Image-1;;vienna;;0;;;SEILERSTÄTTE 2/26, 1010 VIENNA;48.206369;16.377046;;;;info@mahony.fm;1;1;http://www.mahony.fm/english/;;1;Coming Soon;;;;;;;;;;;;1;;;;;;
unortnung;Unortnung;publish;A short description of the initiative by its initiators will appear here shortly.;;934;;;;;ARA_Default_Banner_Thumb_Image-1;;vienna;;0;;;MA 7- Kulturabteilung der Stadt Wien;48.211845;16.357121;;;;raum@veronikabarnas.net;1;1;http://www.unortnung.net/;;1;Coming Soon;;;;;;;;;;;;1;;;;;;
language-plus;Language Plus;publish;A short description of the initiative by its initiators will appear here shortly.;;935;;;;;ARA_Default_Banner_Thumb_Image-1;;alma;;0;;;555 Rue Collard c.p 2157 ALMA Quebec G8B 5W1;48.54919;-71.650706;;;;info@langageplus.com;1;1;http://www.langageplus.com/;;1;Coming Soon;;;;;;;;;;;;1;;;;;;
la-centre-voix-visuelle;La Centre Voix Visuelle;publish;A short description of the initiative by its initiators will appear here shortly.;;936;;;;;ARA_Default_Banner_Thumb_Image-1;;ottowa;;0;;;VOIX VISUELLE 262 Montreal Road B.P 79023 .Vanier RO OTTAWA ONTARIO CANADA KIL 1A1;45.440633;-75.675049;;;;voixvisuelle@gmail.com;1;1;http://www.voixvisuelle.ca/;;1;Coming Soon;;;;;;;;;;;;1;;;;;;
le-cart;Le Cart;publish;A short description of the initiative by its initiators will appear here shortly.;;937;;;;;ARA_Default_Banner_Thumb_Image-1;;rouyn-noranda;;0;;;167,Avenue Murdoch C.P 2273 Rouyn-Noranda (QC) J9X 5A9;48.246877;-79.016957;;;;ecart@cablevision.qc.ca;1;1;http://www.lecart.org/;;1;Coming Soon;;;;;;;;;;;;1;;;;;;
alternator-center;Alternator Center;publish;A short description of the initiative by its initiators will appear here shortly.;;938;;;;;ARA_Default_Banner_Thumb_Image-1;;kelowna;;0;;;Cawston Ave Unit 103 KELOWNA , b/c VIY 6ZI Canada;49.891643;-119.487794;;;;info@alternatorgallery.com;1;1;http://alternatorcentre.com/;;1;Coming Soon;;;;;;;;;;;;1;;;;;;
panache-art-actuel;Panache Art Actuel;publish;A short description of the initiative by its initiators will appear here shortly.;;939;;;;;ARA_Default_Banner_Thumb_Image-1;;sept-iles;;0;;;410, avenue Évangéline · Local RC05 Sept-Îles (Québec) G4R 2N5;50.207099;-66.380821;;;;panache@emdx.org;1;1;http://lavireedelaculture.com/fr/accueil;;1;Coming Soon;;;;;;;;;;;;1;;;;;;
praxis-art;Praxis Art;publish;A short description of the initiative by its initiators will appear here shortly.;;940;;;;;ARA_Default_Banner_Thumb_Image-1;;saint-therese;;0;;;C.P 98549 Sainte Therese (Quebec) J7E 1X1 CANADA;46.899688;-71.206991;;;;contact@praxisartactuel.org;1;1;http://www.praxisartactuel.org/;;1;Coming Soon;;;;;;;;;;;;1;;;;;;
sporobole;Sporobole;publish;A short description of the initiative by its initiators will appear here shortly.;;941;;;;;ARA_Default_Banner_Thumb_Image-1;;sherbrooke;;0;;;74Rue Albert Sherbrooke (Quebec) 1H 1MG CANADA;45.402694;-71.890339;;;;info@sporobole.org;1;1;http://www.sporobole.org/;;1;Coming Soon;;;;;;;;;;;;1;;;;;;
zocalo;Zocalo;publish;A short description of the initiative by its initiators will appear here shortly.;;942;;;;;ARA_Default_Banner_Thumb_Image-1;;longueuil;;0;;;80 Rue Saint-Jean Old-LONGUEVIL QUIBEC J4H 2W9;46.807031;-71.227111;;;;info@zocaloweb.org;1;1;http://zocaloweb.org/;;1;Coming Soon;;;;;;;;;;;;1;;;;;;
galleri-se-konst;Galleri Se Konst;publish;A short description of the initiative by its initiators will appear here shortly.;;943;;;;;ARA_Default_Banner_Thumb_Image-1;;falun;;0;;;Salaggatan 20, 791 70 Falum;60.610871;15.626468;;;;gallerisekonst@gmail.com;1;1;http://gallerise.se/;;1;Coming Soon;;;;;;;;;;;;1;;;;;;
ytan-ideell-frening;Ytan Ideell Frening;publish;A short description of the initiative by its initiators will appear here shortly.;;944;;;;;ARA_Default_Banner_Thumb_Image-1;;västerås;;0;;;Sintervagen 6 72130 Vasteras ;59.614385;16.556773;;;;info@ytan.eu;1;1;http://ytan.eu/;;1;Coming Soon;;;;;;;;;;;;1;;;;;;
dock-basel;Dock - Basel;publish;A short description of the initiative by its initiators will appear here shortly.;;945;;;;;ARA_Default_Banner_Thumb_Image-1;;basel;;0;;;Postfach 166, 4005 Basel , Tram Nr. 8 - Feldbergstrasse ;47.559899;7.592882;;;;archiv@dock-basel.ch;1;1;http://www.dock-basel.ch/;;1;Coming Soon;;;;;;;;;;;;1;;;;;;
circuit;Circuit;publish;A short description of the initiative by its initiators will appear here shortly.;;946;;;;;ARA_Default_Banner_Thumb_Image-1;;lausanne;;0;;;9 Av.De Montchoisi Po Box 303 CH - 1001 Laussane ;46.513905;6.633527;;;;contact@circuit.li;1;1;http://www.circuit.li/;;1;Coming Soon;;;;;;;;;;;;1;;;;;;
guerilla-galerie;Guerilla Galerie;publish;A short description of the initiative by its initiators will appear here shortly.;;947;;;;;ARA_Default_Banner_Thumb_Image-1;;st-gellen;;0;;;Breitensteinstrasse 49a, CH 8037 Zürich ;47.393581;8.518759;;;;hallo@guerillagalerie.ch;1;1;http://www.guerillagalerie.ch/index.php?id=41;;1;Coming Soon;;;;;;;;;;;;1;;;;;;
artachment;Artachment;publish;A short description of the initiative by its initiators will appear here shortly.;;948;;;;;ARA_Default_Banner_Thumb_Image-1;;basel;;0;;;Raphael Bottazzini - Bläsiring 48, 4057 Basel;47.568488;7.590047;;;;;1;1;http://www.artachment.com/;;1;Coming Soon;;;;;;;;;;;;1;;;;;;
tilt;Tilt;publish;A short description of the initiative by its initiators will appear here shortly.;;949;;;;;ARA_Default_Banner_Thumb_Image-1;;renens;;0;;;CP 511, 1020 Renens ;46.536438;6.59091;;;;info@espace-tilt.ch;1;1;http://www.espace-tilt.ch/;;1;Coming Soon;;;;;;;;;;;;1;;;;;;
cactici;Cactici;publish;A short description of the initiative by its initiators will appear here shortly.;;950;;;;;ARA_Default_Banner_Thumb_Image-1;;basel;;0;;;Via Tamaro 3 Bellinzona T1 6500 Switzerland;46.204017;9.032973;;;;info@cacticino.net;1;1;http://www.cacticino.net/;;1;Coming Soon;;;;;;;;;;;;1;;;;;;
les-complices;Les Complices;publish;A short description of the initiative by its initiators will appear here shortly.;;951;;;;;ARA_Default_Banner_Thumb_Image-1;;zurich;;0;;;Anwandstrasse 9, CH–8004 Zürich ;47.376049;8.524562;;;;info@lescomplices.ch;1;1;http://lescomplices.ch/ongoing/;;1;Coming Soon;;;;;;;;;;;;1;;;;;;
ot-raum-space;Ot-Raum Space;publish;A short description of the initiative by its initiators will appear here shortly.;;952;;;;;ARA_Default_Banner_Thumb_Image-1;;lucerne;;0;;;Kunstpavillon Sälistrasse 24, 6005 Luzern;47.046542;8.298649;;;;info@ot-raumfueraktuellekunst.ch;1;1;http://ot-raumfueraktuellekunst.ch/;;1;Coming Soon;;;;;;;;;;;;1;;;;;;
s11;S11;publish;A short description of the initiative by its initiators will appear here shortly.;;953;;;;;ARA_Default_Banner_Thumb_Image-1;;solothurn;;0;;;Künstlerhaus S11, Schmiedengasse 11 , Postfach, CH-4502 Solothurn ;47.207507;7.534955;;;;info@s11.ch;1;1;http://www.s11.ch/;;1;Coming Soon;;;;;;;;;;;;1;;;;;;
sic;Sic;publish;A short description of the initiative by its initiators will appear here shortly.;;954;;;;;ARA_Default_Banner_Thumb_Image-1;;lucerne;;0;;;Sälistrasse 24, CH–6005 Luzern ;47.046542;8.298649;;;;info@sic-raum.ch;1;1;http://www.sic-raum.ch/;;1;Coming Soon;;;;;;;;;;;;1;;;;;;
tom-bola;Tom Bola;publish;A short description of the initiative by its initiators will appear here shortly.;;955;;;;;ARA_Default_Banner_Thumb_Image-1;;luzern-zurich;;0;;;All around Switzerland;;;;;;tom@tom-bola.ch;1;1;http://www.tom-bola.ch/;;1;Coming Soon;;;;;;;;;;;;1;;;;;;
thalwil;Thalwil;publish;A short description of the initiative by its initiators will appear here shortly.;;956;;;;;ARA_Default_Banner_Thumb_Image-1;;zurich;;0;;;Urs Amstutz, Zehntenstrasse 2, CH-8800 Thalwil;47.291884;8.571055;;;;urs.amstutz@gmx.ch;1;1;http://www.thalwilerhofkunst.ch/;;1;Coming Soon;;;;;;;;;;;;1;;;;;;
men-space;Men Space;publish;A short description of the initiative by its initiators will appear here shortly.;;957;;;;;ARA_Default_Banner_Thumb_Image-1;;istanbul;;0;;;Ihlamur Yolu 33/35 D6 34365 Toagaci Nisantasi Istambul;41.050835;28.999282;;;;mental@mentalklinik.com;1;1;http://www.mentalklinik.com/work/happy-enough/;;1;Coming Soon;;;;;;;;;;;;1;;;;;;
alternate-roots;Alternate Roots;publish;A short description of the initiative by its initiators will appear here shortly.;;958;;;;;ARA_Default_Banner_Thumb_Image-1;;atlanta-ga;;0;;;1270 Caroline St Box D120-353, Atlanta, GA 30307;33.758588;-84.347369;;;;;1;1;http://alternateroots.org/;;1;Coming Soon;;;;;;;;;;;;1;;;;;;
basekamp;Basekamp;publish;A short description of the initiative by its initiators will appear here shortly.;;959;;;;;ARA_Default_Banner_Thumb_Image-1;;philadelphia-pa;;0;;;Project across the city;39.949654;-75.153307;;;;projects@basekamp.com;1;1;http://basekamp.com/;;1;Coming Soon;;;;;;;;;;;;1;;;;;;
